lugar,year_month,temp_media_aire_c,temp_media_agua_c,precipitacion_total_mm,dias_lluvia,horas_sol_totales,humedad_media_pct
Abu Dhabi,2024-01,21.7,22.4,0.3,0,309.0,64.0
Abu Dhabi,2024-02,21.1,21.4,43.7,2,291.7,66.6
Abu Dhabi,2024-03,23.0,23.2,69.8,2,292.5,68.5
Abu Dhabi,2024-04,26.2,26.2,70.6,2,315.4,63.6
Abu Dhabi,2024-05,31.3,29.9,35.1,1,366.5,56.9
Abu Dhabi,2024-06,34.7,33.4,0.0,0,368.1,55.1
Abu Dhabi,2024-07,35.6,34.6,0.0,0,350.8,60.2
Abu Dhabi,2024-08,35.7,34.6,5.3,1,328.7,60.3
Abu Dhabi,2024-09,33.8,33.9,0.0,0,334.5,62.1
Abu Dhabi,2024-10,31.6,31.6,0.8,0,331.9,59.1
Abu Dhabi,2024-11,27.2,29.0,0.3,0,298.5,68.8
Abu Dhabi,2024-12,22.4,24.5,2.1,1,303.9,63.7
Agadir,2024-01,19.9,18.1,1.4,0,294.4,37.3
Agadir,2024-02,19.1,18.7,35.1,1,283.3,50.1
Agadir,2024-03,18.2,17.5,46.4,7,320.2,62.8
Agadir,2024-04,22.2,18.9,0.9,0,364.3,53.1
Agadir,2024-05,20.0,18.8,0.0,0,370.3,69.8
Agadir,2024-06,21.2,19.3,0.9,0,347.0,72.8
Agadir,2024-07,23.6,20.0,0.0,0,373.8,69.4
Agadir,2024-08,24.2,21.1,0.0,0,361.7,69.5
Agadir,2024-09,22.5,20.3,42.7,3,321.9,74.9
Agadir,2024-10,20.7,21.4,54.1,5,311.6,78.8
Agadir,2024-11,23.3,19.6,14.5,4,281.6,45.2
Agadir,2024-12,18.7,19.0,2.4,1,282.0,48.4
Alanya,2024-01,11.9,20.4,127.8,11,215.8,68.2
Alanya,2024-02,11.9,19.1,168.7,7,231.0,71.8
Alanya,2024-03,13.6,19.0,36.0,6,333.9,64.0
Alanya,2024-04,19.7,20.3,9.8,1,347.6,59.9
Alanya,2024-05,21.4,22.5,31.8,8,392.4,60.6
Alanya,2024-06,29.7,27.6,1.1,1,414.1,48.3
Alanya,2024-07,31.6,29.9,37.3,6,428.9,45.7
Alanya,2024-08,30.2,30.5,8.4,3,393.1,52.9
Alanya,2024-09,25.6,29.2,71.5,9,340.3,61.2
Alanya,2024-10,21.3,26.1,0.4,0,332.6,47.4
Alanya,2024-11,15.0,22.9,64.0,6,249.3,57.3
Alanya,2024-12,12.0,20.2,210.5,18,174.7,78.3
Algarve,2024-01,13.4,16.4,91.3,9,228.1,83.2
Algarve,2024-02,14.0,16.9,68.8,8,246.4,78.0
Algarve,2024-03,13.7,15.4,165.1,14,277.9,76.9
Algarve,2024-04,16.6,17.0,17.4,6,348.0,67.0
Algarve,2024-05,18.8,16.8,3.8,2,389.0,60.7
Algarve,2024-06,21.3,17.5,25.8,5,385.9,63.5
Algarve,2024-07,25.2,18.0,0.5,0,419.6,55.1
Algarve,2024-08,26.1,19.1,0.2,0,398.4,54.2
Algarve,2024-09,21.7,17.5,6.7,2,329.5,62.5
Algarve,2024-10,18.6,18.6,174.7,12,267.9,80.2
Algarve,2024-11,16.4,18.8,78.1,10,235.6,81.0
Algarve,2024-12,12.4,17.3,1.9,0,262.6,71.3
Alicante,2024-01,13.9,14.2,17.6,3,248.4,60.8
Alicante,2024-02,14.4,15.0,15.7,4,246.2,59.6
Alicante,2024-03,15.4,15.4,28.6,6,297.0,59.0
Alicante,2024-04,16.7,17.4,17.4,4,332.8,57.4
Alicante,2024-05,19.8,20.1,7.0,3,401.2,60.1
Alicante,2024-06,23.6,24.7,10.7,3,406.1,60.5
Alicante,2024-07,26.5,27.8,5.2,1,428.1,65.3
Alicante,2024-08,27.6,29.1,18.6,2,375.6,64.3
Alicante,2024-09,23.8,26.3,53.3,6,329.1,65.3
Alicante,2024-10,21.1,22.6,100.2,6,297.9,64.5
Alicante,2024-11,17.6,20.0,6.6,3,268.2,70.5
Alicante,2024-12,13.4,16.7,12.5,2,271.8,56.4
Almería,2024-01,13.6,15.7,6.9,2,256.9,65.3
Almería,2024-02,14.4,15.7,11.0,2,272.8,60.8
Almería,2024-03,15.7,15.5,56.7,7,296.2,61.9
Almería,2024-04,17.5,16.9,5.7,2,343.1,59.2
Almería,2024-05,20.2,17.8,10.2,1,402.1,54.6
Almería,2024-06,23.8,20.8,10.5,2,413.3,56.4
Almería,2024-07,27.3,24.1,0.0,0,417.6,56.2
Almería,2024-08,28.3,28.0,3.2,1,380.2,62.3
Almería,2024-09,23.9,24.8,8.4,2,336.3,66.1
Almería,2024-10,20.5,20.2,83.5,7,281.0,69.4
Almería,2024-11,16.9,20.1,30.0,5,279.9,75.6
Almería,2024-12,12.7,17.8,5.5,2,285.4,64.5
Antalya,2024-01,11.9,20.4,127.8,11,215.8,68.2
Antalya,2024-02,11.9,19.1,168.7,7,231.0,71.8
Antalya,2024-03,13.6,19.0,36.0,6,333.9,64.0
Antalya,2024-04,19.7,20.3,9.8,1,347.6,59.9
Antalya,2024-05,21.4,22.5,31.8,8,392.4,60.6
Antalya,2024-06,29.7,27.6,1.1,1,414.1,48.3
Antalya,2024-07,31.6,29.9,37.3,6,428.9,45.7
Antalya,2024-08,30.2,30.5,8.4,3,393.1,52.9
Antalya,2024-09,25.6,29.2,71.5,9,340.3,61.2
Antalya,2024-10,21.3,26.1,0.4,0,332.6,47.4
Antalya,2024-11,15.0,22.9,64.0,6,249.3,57.3
Antalya,2024-12,12.0,20.2,210.5,18,174.7,78.3
Antalya all inclusive,2024-01,12.1,20.3,323.8,17,210.6,68.8
Antalya all inclusive,2024-02,12.1,19.4,80.8,10,247.6,68.7
Antalya all inclusive,2024-03,13.4,18.9,85.7,8,329.7,65.7
Antalya all inclusive,2024-04,18.5,20.3,28.2,2,340.5,66.3
Antalya all inclusive,2024-05,20.3,22.3,51.0,6,393.1,66.2
Antalya all inclusive,2024-06,27.7,27.3,0.0,0,419.0,55.6
Antalya all inclusive,2024-07,29.4,29.8,9.7,2,433.0,53.2
Antalya all inclusive,2024-08,28.7,30.3,2.8,1,392.2,56.1
Antalya all inclusive,2024-09,25.4,29.1,26.3,8,349.2,59.7
Antalya all inclusive,2024-10,21.2,26.5,0.8,0,334.6,47.4
Antalya all inclusive,2024-11,15.5,22.9,196.3,10,250.7,55.4
Antalya all inclusive,2024-12,12.2,20.2,396.5,18,184.7,73.7
Antigua,2024-01,26.1,27.4,45.7,15,330.9,70.4
Antigua,2024-02,25.7,27.0,121.6,13,298.6,74.1
Antigua,2024-03,26.4,27.3,52.3,15,360.1,69.5
Antigua,2024-04,27.0,28.2,60.6,18,357.7,71.6
Antigua,2024-05,28.4,29.1,71.1,16,348.3,72.2
Antigua,2024-06,28.8,29.4,72.2,20,344.9,71.3
Antigua,2024-07,28.7,29.4,91.0,19,346.1,72.3
Antigua,2024-08,28.5,29.6,137.8,21,347.0,74.1
Antigua,2024-09,28.4,30.1,89.8,21,323.7,75.9
Antigua,2024-10,28.9,30.3,50.7,18,345.3,70.3
Antigua,2024-11,27.3,29.7,128.1,18,292.1,78.3
Antigua,2024-12,26.9,28.6,32.2,14,322.0,68.0
Aruba,2024-01,27.2,26.9,31.4,12,342.2,74.3
Aruba,2024-02,27.1,26.6,31.6,10,322.4,74.9
Aruba,2024-03,27.5,26.6,16.8,7,365.0,73.7
Aruba,2024-04,28.3,27.1,14.7,5,351.4,73.6
Aruba,2024-05,28.8,28.1,56.6,4,339.8,78.2
Aruba,2024-06,29.1,28.1,13.2,6,361.8,75.8
Aruba,2024-07,29.0,27.6,25.5,10,369.8,75.5
Aruba,2024-08,29.4,28.3,19.0,4,364.5,74.2
Aruba,2024-09,29.8,29.5,29.0,6,333.7,75.2
Aruba,2024-10,29.8,30.0,13.8,3,341.1,70.5
Aruba,2024-11,27.8,29.8,141.8,24,303.3,80.1
Aruba,2024-12,28.0,28.1,48.8,16,331.6,72.4
Atenas,2024-01,9.6,16.8,34.1,5,213.0,74.1
Atenas,2024-02,11.6,16.0,48.7,9,243.7,74.4
Atenas,2024-03,13.4,16.0,58.2,8,309.3,70.2
Atenas,2024-04,18.6,18.0,18.6,3,346.4,50.4
Atenas,2024-05,20.3,19.4,9.7,3,361.6,53.3
Atenas,2024-06,29.1,24.9,2.9,2,418.0,37.1
Atenas,2024-07,30.0,26.7,31.1,3,420.9,38.6
Atenas,2024-08,29.2,28.1,32.3,5,396.5,43.2
Atenas,2024-09,24.2,26.6,23.6,4,347.2,55.9
Atenas,2024-10,19.6,24.6,4.8,1,312.4,59.5
Atenas,2024-11,13.8,21.6,69.2,6,240.5,68.8
Atenas,2024-12,11.3,17.3,152.8,15,229.9,76.9
Azores,2024-01,14.0,17.8,250.3,27,173.4,88.5
Azores,2024-02,14.5,17.6,165.9,20,224.8,87.0
Azores,2024-03,12.9,16.8,145.6,22,279.9,81.0
Azores,2024-04,14.4,17.0,163.6,21,319.3,85.3
Azores,2024-05,16.0,18.4,187.6,22,329.0,86.3
Azores,2024-06,17.5,20.8,84.1,21,392.7,83.0
Azores,2024-07,20.5,22.8,79.3,23,406.8,86.6
Azores,2024-08,21.9,25.1,45.8,15,403.3,81.9
Azores,2024-09,20.4,23.9,68.5,19,331.5,79.9
Azores,2024-10,18.5,22.6,133.4,16,283.9,82.4
Azores,2024-11,16.2,20.2,210.2,20,234.6,88.2
Azores,2024-12,13.7,18.8,71.6,13,236.3,88.5
Bali,2024-01,19.7,30.6,175.7,30,272.5,92.1
Bali,2024-02,19.6,30.5,270.3,29,253.5,94.1
Bali,2024-03,19.6,30.0,378.4,31,236.3,93.8
Bali,2024-04,19.8,30.8,217.5,27,256.5,93.5
Bali,2024-05,19.1,30.4,95.8,24,319.9,91.7
Bali,2024-06,18.4,29.6,113.6,25,290.6,92.6
Bali,2024-07,17.5,28.9,107.8,21,294.5,91.9
Bali,2024-08,17.6,28.5,75.5,15,328.4,89.4
Bali,2024-09,18.7,29.1,56.7,17,335.4,86.2
Bali,2024-10,19.5,30.0,77.8,23,363.6,84.8
Bali,2024-11,19.7,30.9,127.7,25,317.4,89.6
Bali,2024-12,19.4,30.3,363.0,30,181.5,95.8
Barbados,2024-01,25.3,28.2,66.0,21,334.5,75.0
Barbados,2024-02,26.0,27.9,27.3,12,330.0,70.3
Barbados,2024-03,26.3,28.3,36.1,14,362.1,69.8
Barbados,2024-04,26.9,28.8,25.7,12,349.7,68.8
Barbados,2024-05,27.8,29.2,47.3,14,360.3,71.0
Barbados,2024-06,27.2,29.2,107.8,19,336.5,76.1
Barbados,2024-07,26.9,29.4,142.6,25,329.0,77.9
Barbados,2024-08,26.8,30.0,139.3,28,341.9,79.1
Barbados,2024-09,26.7,30.5,198.0,22,307.4,81.5
Barbados,2024-10,27.2,30.4,61.1,22,338.5,76.8
Barbados,2024-11,26.6,29.5,179.4,21,290.5,77.4
Barbados,2024-12,26.1,28.5,63.1,13,331.6,69.8
Barcelona,2024-01,9.7,13.8,39.9,5,226.6,76.5
Barcelona,2024-02,11.7,13.7,19.5,5,253.8,73.5
Barcelona,2024-03,12.8,14.5,73.5,8,297.8,76.0
Barcelona,2024-04,14.2,15.5,142.9,10,308.8,72.9
Barcelona,2024-05,17.0,18.2,39.4,10,399.9,77.4
Barcelona,2024-06,21.2,21.7,70.0,11,371.3,74.2
Barcelona,2024-07,25.0,25.0,29.8,4,410.7,70.4
Barcelona,2024-08,25.9,27.3,35.8,7,378.6,72.6
Barcelona,2024-09,20.5,25.2,89.4,14,291.3,74.2
Barcelona,2024-10,18.3,21.7,149.0,13,263.7,81.8
Barcelona,2024-11,14.3,19.3,88.3,10,217.8,82.5
Barcelona,2024-12,9.5,16.3,30.5,4,245.2,76.7
"Batumi, Georgia",2024-01,6.1,11.8,313.4,17,141.3,76.7
"Batumi, Georgia",2024-02,8.5,11.5,141.5,11,195.1,71.5
"Batumi, Georgia",2024-03,10.0,11.2,157.4,17,231.5,77.3
"Batumi, Georgia",2024-04,16.0,14.7,32.6,4,288.8,77.8
"Batumi, Georgia",2024-05,15.9,17.9,129.6,18,255.8,86.3
"Batumi, Georgia",2024-06,22.4,24.3,132.2,14,317.3,81.9
"Batumi, Georgia",2024-07,24.2,27.1,254.3,23,296.8,87.7
"Batumi, Georgia",2024-08,23.8,28.0,82.2,11,328.4,85.7
"Batumi, Georgia",2024-09,22.3,27.3,207.4,15,278.1,86.6
"Batumi, Georgia",2024-10,15.7,22.7,469.2,19,188.2,84.2
"Batumi, Georgia",2024-11,10.2,17.1,332.4,14,180.2,77.3
"Batumi, Georgia",2024-12,7.9,12.9,218.3,11,173.2,71.2
Benalmádena,2024-01,11.6,16.3,47.2,9,239.1,75.4
Benalmádena,2024-02,12.4,15.4,56.7,7,256.8,73.2
Benalmádena,2024-03,13.5,15.3,158.3,13,269.8,71.3
Benalmádena,2024-04,15.3,17.0,14.7,5,352.7,67.2
Benalmádena,2024-05,18.4,17.5,4.6,2,400.1,56.5
Benalmádena,2024-06,21.7,20.0,36.3,3,394.7,57.1
Benalmádena,2024-07,25.4,22.0,2.8,1,406.8,56.2
Benalmádena,2024-08,26.2,26.1,11.0,2,391.0,63.8
Benalmádena,2024-09,22.1,24.0,35.6,7,345.2,66.2
Benalmádena,2024-10,18.4,20.0,198.0,13,266.5,74.2
Benalmádena,2024-11,15.0,19.9,87.7,9,251.0,84.9
Benalmádena,2024-12,11.5,17.8,12.5,3,272.6,74.3
Benidorm,2024-01,14.0,14.8,14.7,4,243.0,60.8
Benidorm,2024-02,14.3,15.1,14.5,2,247.0,59.2
Benidorm,2024-03,15.5,15.4,27.7,8,298.6,59.0
Benidorm,2024-04,16.7,17.0,26.1,6,332.8,56.7
Benidorm,2024-05,19.6,19.6,12.5,4,400.1,58.6
Benidorm,2024-06,23.5,23.6,19.4,4,402.5,58.7
Benidorm,2024-07,27.0,26.6,5.0,2,428.7,59.4
Benidorm,2024-08,27.7,27.9,13.8,3,374.1,61.4
Benidorm,2024-09,23.4,25.5,36.9,7,333.1,66.4
Benidorm,2024-10,21.0,22.2,74.6,8,300.6,64.0
Benidorm,2024-11,17.5,20.1,16.7,4,262.7,71.3
Benidorm,2024-12,13.5,17.6,11.4,2,269.8,58.7
"Bergen, Noruega",2024-01,-0.6,5.5,240.3,18,62.8,77.6
"Bergen, Noruega",2024-02,1.4,5.4,323.0,22,77.4,86.6
"Bergen, Noruega",2024-03,4.2,5.4,184.5,17,159.0,82.2
"Bergen, Noruega",2024-04,6.2,6.3,144.8,18,241.8,78.2
"Bergen, Noruega",2024-05,15.3,12.8,69.2,11,355.4,67.9
"Bergen, Noruega",2024-06,12.6,13.3,202.8,20,306.3,80.0
"Bergen, Noruega",2024-07,14.9,16.0,173.9,18,284.7,83.3
"Bergen, Noruega",2024-08,14.2,15.9,494.1,26,171.3,86.7
"Bergen, Noruega",2024-09,12.4,14.9,180.4,12,219.2,85.8
"Bergen, Noruega",2024-10,9.1,12.0,332.2,22,101.9,88.4
"Bergen, Noruega",2024-11,4.9,9.9,211.3,16,65.1,88.5
"Bergen, Noruega",2024-12,3.9,7.7,400.8,23,29.0,88.6
Bilbao,2024-01,10.0,13.7,86.3,12,178.2,80.6
Bilbao,2024-02,11.3,13.5,147.9,18,159.6,80.1
Bilbao,2024-03,11.8,13.5,99.6,19,230.8,77.0
Bilbao,2024-04,13.3,14.4,82.8,14,270.1,73.5
Bilbao,2024-05,14.6,16.2,120.3,20,294.9,81.2
Bilbao,2024-06,17.8,18.7,58.0,13,258.1,81.7
Bilbao,2024-07,20.5,21.1,35.7,11,328.1,80.7
Bilbao,2024-08,21.4,22.1,48.9,10,284.4,78.4
Bilbao,2024-09,17.0,20.5,159.5,17,259.3,83.0
Bilbao,2024-10,16.9,18.7,195.4,16,199.9,83.0
Bilbao,2024-11,13.6,16.8,103.0,9,206.9,82.1
Bilbao,2024-12,9.8,14.6,127.3,16,154.5,85.1
"Boa Vista, Cabo Verde",2024-01,23.3,24.5,0.5,0,307.4,73.0
"Boa Vista, Cabo Verde",2024-02,23.4,24.6,0.4,0,310.3,73.0
"Boa Vista, Cabo Verde",2024-03,22.0,23.6,0.0,0,341.8,72.2
"Boa Vista, Cabo Verde",2024-04,23.4,24.1,0.0,0,344.8,71.4
"Boa Vista, Cabo Verde",2024-05,23.3,24.6,0.0,0,352.1,75.2
"Boa Vista, Cabo Verde",2024-06,23.7,24.4,0.6,0,333.8,75.6
"Boa Vista, Cabo Verde",2024-07,24.9,25.7,13.0,6,312.0,77.7
"Boa Vista, Cabo Verde",2024-08,26.5,27.4,36.8,11,314.6,77.1
"Boa Vista, Cabo Verde",2024-09,26.7,28.0,91.5,9,286.7,76.4
"Boa Vista, Cabo Verde",2024-10,26.3,28.0,38.9,5,304.6,80.1
"Boa Vista, Cabo Verde",2024-11,25.3,26.8,2.2,1,317.5,77.2
"Boa Vista, Cabo Verde",2024-12,23.9,25.3,4.5,1,316.0,68.6
Bodrum,2024-01,12.6,20.4,117.0,10,232.0,74.8
Bodrum,2024-02,13.3,18.8,41.1,6,270.9,74.2
Bodrum,2024-03,15.0,18.1,46.3,7,317.0,67.4
Bodrum,2024-04,19.8,19.0,23.3,2,352.5,61.3
Bodrum,2024-05,21.7,20.3,11.3,5,390.1,59.4
Bodrum,2024-06,29.8,24.2,0.0,0,414.0,46.2
Bodrum,2024-07,31.0,26.5,2.8,1,427.6,50.3
Bodrum,2024-08,29.7,27.1,1.6,1,399.5,54.8
Bodrum,2024-09,25.6,25.9,8.1,3,353.5,62.8
Bodrum,2024-10,21.5,23.8,1.0,0,320.9,56.5
Bodrum,2024-11,15.7,21.5,132.6,8,286.3,65.0
Bodrum,2024-12,13.1,19.7,186.0,18,228.0,80.6
Bonaire,2024-01,27.6,27.9,32.6,12,342.5,73.1
Bonaire,2024-02,27.5,27.3,21.8,8,319.6,74.1
Bonaire,2024-03,27.9,27.5,9.9,4,358.9,71.8
Bonaire,2024-04,28.6,28.0,20.5,7,344.3,72.7
Bonaire,2024-05,29.0,28.6,43.6,9,347.4,78.1
Bonaire,2024-06,29.2,28.7,35.5,8,362.3,75.9
Bonaire,2024-07,29.1,29.0,43.0,12,367.9,75.3
Bonaire,2024-08,29.6,29.3,24.1,6,361.7,73.3
Bonaire,2024-09,30.2,30.1,19.5,7,335.0,73.5
Bonaire,2024-10,30.0,30.4,37.5,10,342.0,70.6
Bonaire,2024-11,28.6,30.2,84.4,19,317.8,76.7
Bonaire,2024-12,28.2,28.8,40.8,19,339.8,71.4
"Budva, Montenegro",2024-01,9.1,15.2,262.6,14,206.9,71.9
"Budva, Montenegro",2024-02,11.6,14.6,229.9,11,235.2,73.6
"Budva, Montenegro",2024-03,12.8,14.5,252.2,20,276.2,75.2
"Budva, Montenegro",2024-04,16.7,17.4,119.7,10,332.5,67.1
"Budva, Montenegro",2024-05,19.2,20.6,204.7,23,361.0,77.1
"Budva, Montenegro",2024-06,25.3,25.2,141.6,6,409.4,70.3
"Budva, Montenegro",2024-07,28.6,27.1,39.2,4,430.2,57.1
"Budva, Montenegro",2024-08,28.6,27.2,60.2,9,395.3,53.3
"Budva, Montenegro",2024-09,21.9,25.5,276.0,18,293.9,71.1
"Budva, Montenegro",2024-10,19.3,22.1,287.4,8,292.1,76.3
"Budva, Montenegro",2024-11,12.6,18.7,206.2,10,228.2,68.6
"Budva, Montenegro",2024-12,9.5,17.1,231.4,17,183.5,75.6
Calabria,2024-01,3.4,15.2,122.3,10,208.3,80.6
Calabria,2024-02,4.7,14.7,122.2,11,228.4,74.8
Calabria,2024-03,5.7,14.9,71.5,14,304.4,78.7
Calabria,2024-04,9.6,16.5,33.6,5,326.4,66.0
Calabria,2024-05,12.5,18.8,103.1,15,372.9,71.1
Calabria,2024-06,19.4,22.5,24.4,6,408.3,52.7
Calabria,2024-07,21.2,26.9,68.5,13,427.6,57.7
Calabria,2024-08,20.6,28.9,71.6,18,404.1,59.5
Calabria,2024-09,15.3,27.1,54.3,13,324.4,70.2
Calabria,2024-10,12.9,23.7,112.2,10,281.2,76.6
Calabria,2024-11,7.2,21.2,51.8,8,251.6,77.9
Calabria,2024-12,3.4,17.9,119.7,12,206.6,82.5
Cancún,2024-01,24.4,27.2,59.4,19,290.8,79.7
Cancún,2024-02,23.2,26.5,15.7,3,298.8,73.2
Cancún,2024-03,26.4,27.1,32.0,12,360.9,75.2
Cancún,2024-04,26.8,27.2,32.8,5,354.2,70.9
Cancún,2024-05,29.1,27.9,4.4,1,392.1,72.8
Cancún,2024-06,27.7,28.6,462.2,24,256.9,84.3
Cancún,2024-07,28.2,29.2,243.6,21,346.9,83.6
Cancún,2024-08,28.0,29.3,232.8,27,348.7,83.4
Cancún,2024-09,27.7,29.6,393.7,25,312.8,85.7
Cancún,2024-10,26.4,29.2,256.3,26,268.6,84.1
Cancún,2024-11,25.6,28.7,112.8,15,316.3,81.2
Cancún,2024-12,24.2,27.3,101.7,14,288.0,76.4
Cartagena,2024-01,13.2,15.1,11.1,3,245.6,70.4
Cartagena,2024-02,14.1,15.3,14.3,4,259.5,64.3
Cartagena,2024-03,15.4,15.5,18.6,3,293.3,64.3
Cartagena,2024-04,16.9,17.1,18.9,2,338.2,63.4
Cartagena,2024-05,19.7,19.5,10.0,3,398.7,63.3
Cartagena,2024-06,23.4,23.1,16.7,5,402.2,64.9
Cartagena,2024-07,26.7,25.9,1.3,0,423.1,66.8
Cartagena,2024-08,27.4,27.4,28.4,4,381.6,70.1
Cartagena,2024-09,23.9,25.2,24.9,6,330.1,69.9
Cartagena,2024-10,20.7,22.4,60.8,7,292.1,73.4
Cartagena,2024-11,16.8,20.1,21.2,3,273.9,81.0
Cartagena,2024-12,12.5,17.3,16.1,3,272.9,67.8
"Cascais, Portugal",2024-01,14.1,15.5,142.6,12,218.9,83.6
"Cascais, Portugal",2024-02,14.8,15.7,101.2,11,242.0,80.7
"Cascais, Portugal",2024-03,14.2,14.6,162.6,15,280.3,78.1
"Cascais, Portugal",2024-04,16.0,15.6,37.8,12,339.5,77.0
"Cascais, Portugal",2024-05,16.4,15.7,27.9,10,385.1,77.0
"Cascais, Portugal",2024-06,18.0,17.8,70.3,10,355.0,82.5
"Cascais, Portugal",2024-07,19.5,18.0,9.7,3,392.3,83.7
"Cascais, Portugal",2024-08,19.7,16.7,1.0,0,364.6,85.1
"Cascais, Portugal",2024-09,18.9,15.5,17.1,3,320.4,77.0
"Cascais, Portugal",2024-10,18.5,18.0,148.6,15,266.6,85.6
"Cascais, Portugal",2024-11,16.8,18.4,62.1,8,235.6,82.1
"Cascais, Portugal",2024-12,13.1,16.8,14.1,4,262.6,74.1
Cerdeña,2024-01,7.4,,100.6,13,221.5,83.3
Cerdeña,2024-02,8.3,,155.0,13,225.5,78.4
Cerdeña,2024-03,9.5,,127.2,14,287.3,78.0
Cerdeña,2024-04,11.9,,36.8,7,359.4,64.5
Cerdeña,2024-05,15.2,,108.1,10,373.5,70.1
Cerdeña,2024-06,20.5,,13.3,6,407.9,58.0
Cerdeña,2024-07,24.7,,3.1,1,424.1,51.3
Cerdeña,2024-08,24.3,,20.2,5,389.3,55.4
Cerdeña,2024-09,18.0,,58.5,13,322.5,71.4
Cerdeña,2024-10,16.2,,116.6,17,269.9,77.6
Cerdeña,2024-11,11.5,,65.7,10,257.3,77.2
Cerdeña,2024-12,6.5,,83.3,12,234.7,79.7
Cesme,2024-01,12.6,18.7,82.7,10,227.3,66.4
Cesme,2024-02,13.7,17.2,51.5,6,261.8,68.1
Cesme,2024-03,14.8,17.4,46.5,6,310.2,64.9
Cesme,2024-04,18.8,18.3,31.0,4,351.5,63.6
Cesme,2024-05,20.0,19.8,8.4,2,387.2,61.9
Cesme,2024-06,26.6,23.1,0.1,0,412.9,53.2
Cesme,2024-07,28.5,23.6,1.8,1,427.2,53.5
Cesme,2024-08,27.9,24.6,0.6,0,400.9,53.8
Cesme,2024-09,24.8,24.7,33.4,3,347.9,61.2
Cesme,2024-10,20.6,22.1,0.7,0,318.0,62.1
Cesme,2024-11,15.3,19.1,76.6,9,256.5,66.0
Cesme,2024-12,13.6,17.8,163.9,14,215.9,70.6
Chiclana de la Frontera,2024-01,13.8,15.2,60.1,7,252.4,76.8
Chiclana de la Frontera,2024-02,14.7,16.2,97.9,9,253.2,76.0
Chiclana de la Frontera,2024-03,15.0,16.0,203.9,16,261.1,73.9
Chiclana de la Frontera,2024-04,17.1,17.6,16.0,5,350.5,65.3
Chiclana de la Frontera,2024-05,18.9,18.4,8.4,1,392.6,64.8
Chiclana de la Frontera,2024-06,21.6,20.6,14.8,7,388.1,67.2
Chiclana de la Frontera,2024-07,24.4,22.0,1.8,1,404.3,68.1
Chiclana de la Frontera,2024-08,25.0,23.1,1.4,0,391.8,75.0
Chiclana de la Frontera,2024-09,21.8,22.2,22.5,5,342.6,74.1
Chiclana de la Frontera,2024-10,19.1,19.5,309.4,15,252.9,81.7
Chiclana de la Frontera,2024-11,17.3,18.5,72.6,5,255.9,81.3
Chiclana de la Frontera,2024-12,12.7,16.4,6.1,2,265.2,76.4
Chipre,2024-01,14.1,19.0,52.8,13,255.3,72.2
Chipre,2024-02,13.8,18.4,41.4,6,262.0,66.5
Chipre,2024-03,16.5,18.3,11.9,3,342.8,54.5
Chipre,2024-04,21.0,19.9,33.4,6,335.0,56.0
Chipre,2024-05,22.7,21.2,5.6,1,398.4,56.5
Chipre,2024-06,29.1,25.8,0.2,0,417.9,52.8
Chipre,2024-07,30.2,26.7,0.4,0,430.9,54.0
Chipre,2024-08,29.3,27.5,0.2,0,393.6,58.9
Chipre,2024-09,26.7,27.0,2.3,1,347.9,56.3
Chipre,2024-10,22.8,26.1,0.3,0,338.3,52.1
Chipre,2024-11,17.7,23.3,57.4,9,278.6,62.4
Chipre,2024-12,14.3,20.5,103.8,14,252.2,71.8
Chipre Norte,2024-01,27.7,,107.5,19,299.3,79.9
Chipre Norte,2024-02,27.9,,218.3,14,289.2,79.2
Chipre Norte,2024-03,27.2,,154.1,24,253.2,84.2
Chipre Norte,2024-04,27.0,,196.8,28,269.4,85.4
Chipre Norte,2024-05,26.9,,201.6,25,284.5,85.6
Chipre Norte,2024-06,27.1,,62.3,16,337.7,82.6
Chipre Norte,2024-07,28.0,,43.8,8,356.0,72.8
Chipre Norte,2024-08,29.3,,17.0,5,362.3,65.0
Chipre Norte,2024-09,30.7,,16.1,7,344.3,61.1
Chipre Norte,2024-10,29.6,,51.1,9,342.3,69.6
Chipre Norte,2024-11,28.7,,62.8,14,327.8,75.3
Chipre Norte,2024-12,27.2,,238.5,27,316.9,82.3
Cinque Terre,2024-01,7.8,14.9,132.8,12,197.0,80.8
Cinque Terre,2024-02,9.8,14.4,251.9,15,175.6,84.4
Cinque Terre,2024-03,10.8,14.6,252.2,17,237.9,82.2
Cinque Terre,2024-04,13.3,16.4,106.2,16,324.1,72.9
Cinque Terre,2024-05,16.2,19.0,215.3,18,349.8,79.7
Cinque Terre,2024-06,19.7,22.5,93.4,13,384.8,80.1
Cinque Terre,2024-07,24.7,26.1,28.0,6,436.8,72.8
Cinque Terre,2024-08,25.9,28.5,52.3,9,380.2,69.8
Cinque Terre,2024-09,19.1,24.0,188.3,16,280.2,75.6
Cinque Terre,2024-10,16.4,20.5,327.9,20,186.3,87.3
Cinque Terre,2024-11,10.8,18.5,58.3,9,227.8,77.4
Cinque Terre,2024-12,6.4,16.1,60.3,9,197.6,75.4
Corfu,2024-01,11.1,16.7,184.4,15,220.4,75.2
Corfu,2024-02,12.4,16.2,119.5,9,246.3,77.2
Corfu,2024-03,13.2,16.0,129.6,16,300.0,78.6
Corfu,2024-04,16.9,17.7,97.6,7,344.8,70.6
Corfu,2024-05,19.6,20.0,51.4,11,377.7,72.4
Corfu,2024-06,26.1,23.4,7.2,3,405.1,59.9
Corfu,2024-07,29.4,25.7,2.7,1,431.1,53.7
Corfu,2024-08,28.7,28.2,27.3,3,389.5,58.5
Corfu,2024-09,23.0,27.0,121.2,15,310.3,73.6
Corfu,2024-10,19.6,22.6,70.2,7,280.9,76.6
Corfu,2024-11,15.1,21.2,174.1,9,234.4,72.3
Corfu,2024-12,11.8,18.8,264.6,16,216.2,76.6
Coruña,2024-01,8.9,,123.9,17,147.3,88.4
Coruña,2024-02,9.8,,187.3,15,174.7,88.5
Coruña,2024-03,8.6,,175.2,20,196.1,87.3
Coruña,2024-04,11.3,,148.5,12,301.9,79.7
Coruña,2024-05,12.0,,153.3,17,314.2,85.9
Coruña,2024-06,14.9,,62.4,12,273.5,86.1
Coruña,2024-07,17.3,,52.6,8,348.9,85.5
Coruña,2024-08,18.2,,32.8,9,298.6,85.8
Coruña,2024-09,15.1,,105.9,16,265.7,83.1
Coruña,2024-10,14.5,,267.8,19,185.7,90.6
Coruña,2024-11,12.9,,104.5,12,202.4,84.3
Coruña,2024-12,8.5,,78.2,10,198.5,86.4
Costa Amalfitana,2024-01,24.3,26.7,216.5,23,311.9,80.8
Costa Amalfitana,2024-02,25.5,28.2,146.5,21,310.5,82.4
Costa Amalfitana,2024-03,24.7,27.1,141.2,15,303.8,80.2
Costa Amalfitana,2024-04,23.2,24.3,262.4,14,220.7,82.6
Costa Amalfitana,2024-05,19.7,21.7,167.9,14,194.0,83.0
Costa Amalfitana,2024-06,18.6,19.7,71.2,7,230.2,84.6
Costa Amalfitana,2024-07,15.5,16.5,183.3,10,203.3,84.1
Costa Amalfitana,2024-08,16.7,18.4,28.2,4,270.7,81.4
Costa Amalfitana,2024-09,19.6,20.7,68.4,10,259.5,82.9
Costa Amalfitana,2024-10,21.1,22.5,152.4,13,269.7,80.5
Costa Amalfitana,2024-11,22.5,24.3,171.6,18,247.4,81.6
Costa Amalfitana,2024-12,22.6,25.1,180.8,23,288.7,81.2
Costa Blanca,2024-01,15.7,17.7,28.9,5,280.3,68.2
Costa Blanca,2024-02,16.3,18.0,35.4,4,253.2,77.3
Costa Blanca,2024-03,16.3,17.7,80.9,13,296.7,75.6
Costa Blanca,2024-04,18.1,18.3,11.6,3,363.0,71.6
Costa Blanca,2024-05,18.8,17.3,5.8,1,366.2,75.6
Costa Blanca,2024-06,20.6,19.1,19.7,12,340.2,75.5
Costa Blanca,2024-07,22.1,18.8,2.5,1,378.5,80.9
Costa Blanca,2024-08,23.0,19.4,2.3,1,379.1,80.8
Costa Blanca,2024-09,21.6,20.2,18.7,1,322.3,80.1
Costa Blanca,2024-10,20.5,20.8,58.6,9,299.6,82.0
Costa Blanca,2024-11,19.1,20.1,22.4,3,265.4,76.7
Costa Blanca,2024-12,15.4,18.6,28.5,7,269.2,77.6
Costa Brava,2024-01,10.1,13.7,25.4,5,223.6,75.8
Costa Brava,2024-02,11.4,13.6,38.4,9,246.2,77.4
Costa Brava,2024-03,12.8,14.2,109.4,9,290.0,79.3
Costa Brava,2024-04,14.0,15.1,83.4,9,294.0,72.6
Costa Brava,2024-05,16.8,17.6,42.9,11,372.5,78.4
Costa Brava,2024-06,20.8,21.4,80.4,9,361.5,75.6
Costa Brava,2024-07,24.8,25.2,14.7,3,409.4,70.3
Costa Brava,2024-08,25.6,26.8,51.7,8,373.0,72.7
Costa Brava,2024-09,20.4,24.8,87.5,14,279.8,73.8
Costa Brava,2024-10,18.4,20.1,148.6,15,243.8,82.1
Costa Brava,2024-11,14.7,18.8,66.5,8,210.9,81.2
Costa Brava,2024-12,9.6,16.5,48.6,8,224.8,76.7
Costa Dorada,2024-01,23.1,18.5,9.5,1,419.3,50.2
Costa Dorada,2024-02,22.5,19.8,14.7,3,337.4,51.2
Costa Dorada,2024-03,18.8,18.1,8.2,2,346.5,44.1
Costa Dorada,2024-04,14.4,15.8,44.3,3,242.6,51.0
Costa Dorada,2024-05,8.6,13.3,12.2,4,252.5,59.9
Costa Dorada,2024-06,8.6,12.2,21.7,8,202.5,66.8
Costa Dorada,2024-07,7.4,10.8,4.9,1,255.5,53.0
Costa Dorada,2024-08,9.0,10.5,29.1,5,264.3,61.5
Costa Dorada,2024-09,13.3,10.9,13.2,2,283.1,41.2
Costa Dorada,2024-10,15.7,12.4,22.2,3,362.3,51.6
Costa Dorada,2024-11,18.6,14.0,29.5,6,376.4,45.1
Costa Dorada,2024-12,18.0,16.0,28.5,4,405.9,59.4
Costa Rica,2024-01,20.2,,180.9,22,322.2,83.9
Costa Rica,2024-02,19.7,,652.3,22,249.6,86.3
Costa Rica,2024-03,21.3,,44.5,14,344.0,79.0
Costa Rica,2024-04,21.4,,135.3,16,314.9,76.4
Costa Rica,2024-05,22.2,,184.8,19,309.5,81.3
Costa Rica,2024-06,21.6,,680.6,29,222.7,88.2
Costa Rica,2024-07,21.1,,350.6,30,232.5,89.4
Costa Rica,2024-08,21.2,,270.1,26,289.0,85.7
Costa Rica,2024-09,21.7,,453.8,29,230.6,86.1
Costa Rica,2024-10,20.9,,566.6,31,231.1,88.6
Costa Rica,2024-11,20.3,,989.7,30,176.5,92.0
Costa Rica,2024-12,19.7,,1105.9,29,195.0,90.8
Costa del Sol,2024-01,18.3,,3.0,1,431.2,47.4
Costa del Sol,2024-02,18.0,,14.1,2,365.5,51.5
Costa del Sol,2024-03,12.4,,48.9,8,320.6,61.9
Costa del Sol,2024-04,8.2,,116.0,15,201.5,73.8
Costa del Sol,2024-05,2.7,,115.7,12,192.6,82.6
Costa del Sol,2024-06,3.6,,189.1,20,111.2,87.4
Costa del Sol,2024-07,1.4,,67.9,9,218.5,72.5
Costa del Sol,2024-08,3.2,,57.2,12,254.2,76.3
Costa del Sol,2024-09,4.7,,146.9,15,261.7,74.9
Costa del Sol,2024-10,9.4,,8.0,3,365.7,63.5
Costa del Sol,2024-11,10.7,,62.8,9,355.1,63.4
Costa del Sol,2024-12,15.6,,32.5,6,423.6,50.1
Creta,2024-01,11.2,18.1,188.3,16,198.9,77.3
Creta,2024-02,11.3,17.2,126.7,13,244.0,78.8
Creta,2024-03,12.8,17.5,30.4,8,321.1,72.7
Creta,2024-04,16.3,18.2,33.4,4,348.6,65.1
Creta,2024-05,18.7,19.9,79.8,7,363.2,65.1
Creta,2024-06,25.0,24.0,0.5,0,404.7,52.6
Creta,2024-07,25.6,24.6,16.6,2,412.2,60.0
Creta,2024-08,25.6,26.7,12.6,2,400.0,60.8
Creta,2024-09,22.4,26.5,25.5,6,345.1,67.2
Creta,2024-10,19.0,24.5,16.7,6,320.5,70.3
Creta,2024-11,14.4,21.3,60.5,11,278.4,76.5
Creta,2024-12,11.8,19.0,136.0,16,235.2,81.3
Curaçao,2024-01,27.6,27.7,41.3,19,343.2,72.0
Curaçao,2024-02,27.6,27.2,31.0,11,325.8,72.4
Curaçao,2024-03,28.0,27.4,9.8,3,361.8,70.1
Curaçao,2024-04,28.7,27.8,16.7,7,343.9,70.8
Curaçao,2024-05,29.1,28.7,38.1,9,345.9,75.8
Curaçao,2024-06,29.4,28.9,23.8,8,365.8,73.1
Curaçao,2024-07,29.4,28.7,25.7,9,367.3,72.3
Curaçao,2024-08,29.7,29.1,29.9,5,363.9,71.1
Curaçao,2024-09,30.3,30.0,21.9,5,335.5,72.0
Curaçao,2024-10,30.1,30.4,22.5,6,338.3,68.8
Curaçao,2024-11,28.5,29.9,95.0,21,314.1,76.8
Curaçao,2024-12,28.2,28.7,35.9,16,337.9,70.5
Cádiz,2024-01,13.3,15.3,65.6,7,250.6,79.5
Cádiz,2024-02,14.7,16.2,90.7,9,252.7,76.5
Cádiz,2024-03,15.2,15.9,206.2,15,256.0,74.4
Cádiz,2024-04,17.4,17.6,9.6,3,348.6,65.5
Cádiz,2024-05,19.2,17.9,7.1,1,395.9,64.0
Cádiz,2024-06,21.8,20.5,14.7,5,391.4,68.4
Cádiz,2024-07,24.8,22.0,2.3,1,404.8,68.0
Cádiz,2024-08,25.4,23.1,2.1,1,394.1,73.5
Cádiz,2024-09,22.4,21.5,22.3,4,342.2,71.2
Cádiz,2024-10,19.5,19.4,268.4,15,251.9,79.4
Cádiz,2024-11,17.4,18.4,79.1,8,250.7,80.2
Cádiz,2024-12,12.5,16.4,6.7,2,263.2,75.6
Córdoba,2024-01,10.9,,71.5,8,216.0,80.7
Córdoba,2024-02,12.1,,104.9,6,236.7,76.0
Córdoba,2024-03,13.7,,197.4,16,238.1,72.9
Córdoba,2024-04,16.9,,22.5,5,352.4,62.2
Córdoba,2024-05,21.0,,9.6,1,402.2,46.0
Córdoba,2024-06,24.7,,44.5,5,388.4,48.1
Córdoba,2024-07,30.2,,0.0,0,413.5,34.7
Córdoba,2024-08,30.8,,0.9,0,396.0,38.9
Córdoba,2024-09,24.2,,4.7,1,333.0,50.9
Córdoba,2024-10,18.8,,189.2,14,240.9,73.1
Córdoba,2024-11,14.8,,42.5,6,239.4,79.6
Córdoba,2024-12,9.4,,6.9,2,264.1,72.0
"Da Nang, Vietnam",2024-01,22.4,24.7,152.5,23,256.9,85.4
"Da Nang, Vietnam",2024-02,23.6,24.5,31.8,13,271.0,87.1
"Da Nang, Vietnam",2024-03,25.3,25.6,38.7,9,310.9,85.6
"Da Nang, Vietnam",2024-04,28.9,26.8,2.1,1,359.3,78.9
"Da Nang, Vietnam",2024-05,29.3,28.7,71.3,13,285.8,79.0
"Da Nang, Vietnam",2024-06,30.5,31.4,138.5,17,342.8,74.6
"Da Nang, Vietnam",2024-07,29.4,30.3,120.3,18,318.9,76.4
"Da Nang, Vietnam",2024-08,30.8,32.0,33.3,12,371.7,70.6
"Da Nang, Vietnam",2024-09,28.5,31.2,316.3,21,267.4,80.6
"Da Nang, Vietnam",2024-10,25.8,29.2,528.0,29,246.7,84.8
"Da Nang, Vietnam",2024-11,24.7,27.0,470.8,22,215.5,84.2
"Da Nang, Vietnam",2024-12,22.5,25.2,303.9,28,118.9,85.4
Dalaman,2024-01,11.4,20.7,149.7,16,216.7,72.9
Dalaman,2024-02,11.8,19.0,61.8,7,266.2,72.5
Dalaman,2024-03,13.0,18.5,65.7,9,326.3,70.3
Dalaman,2024-04,18.6,19.8,25.2,3,339.1,66.2
Dalaman,2024-05,20.9,21.3,21.6,4,396.5,62.6
Dalaman,2024-06,28.9,26.0,0.0,0,419.0,49.1
Dalaman,2024-07,30.0,28.8,11.8,2,430.0,53.1
Dalaman,2024-08,29.2,29.7,3.1,2,396.7,56.4
Dalaman,2024-09,25.0,27.4,45.2,4,353.5,60.1
Dalaman,2024-10,21.2,25.7,0.4,0,326.0,51.3
Dalaman,2024-11,14.7,23.1,85.0,9,261.8,61.5
Dalaman,2024-12,11.5,20.3,336.4,18,221.9,79.9
Dominica,2024-01,22.0,27.7,128.2,18,324.4,86.8
Dominica,2024-02,22.3,27.6,66.0,16,313.4,87.0
Dominica,2024-03,22.7,27.9,88.0,22,345.2,84.1
Dominica,2024-04,23.5,28.5,79.1,21,350.0,84.5
Dominica,2024-05,24.7,29.1,107.0,19,326.3,84.7
Dominica,2024-06,24.7,29.6,138.3,22,317.6,86.0
Dominica,2024-07,24.3,29.4,212.0,30,316.9,88.6
Dominica,2024-08,24.3,29.7,193.8,28,306.4,88.9
Dominica,2024-09,24.6,30.2,166.5,27,309.4,88.2
Dominica,2024-10,24.6,30.3,112.9,24,344.3,86.3
Dominica,2024-11,23.6,29.8,173.9,25,289.5,89.7
Dominica,2024-12,22.0,28.9,100.8,23,319.0,87.8
Dubrovnik,2024-01,7.9,15.6,174.0,14,212.5,68.1
Dubrovnik,2024-02,10.4,15.2,211.1,11,230.2,72.6
Dubrovnik,2024-03,12.1,15.4,183.0,17,272.8,72.5
Dubrovnik,2024-04,15.0,17.4,93.6,7,338.6,68.5
Dubrovnik,2024-05,18.4,19.9,148.3,17,363.2,74.2
Dubrovnik,2024-06,23.4,24.7,93.6,8,406.3,71.1
Dubrovnik,2024-07,27.1,27.2,27.2,2,429.9,58.1
Dubrovnik,2024-08,27.4,27.5,34.6,5,400.9,52.6
Dubrovnik,2024-09,21.1,25.7,153.1,11,295.3,66.7
Dubrovnik,2024-10,17.5,22.2,165.8,7,289.8,76.7
Dubrovnik,2024-11,10.8,18.9,129.0,10,235.9,66.0
Dubrovnik,2024-12,8.6,17.4,187.3,12,196.6,68.9
Dubái,2024-01,21.2,23.2,0.4,0,309.5,63.8
Dubái,2024-02,20.8,21.9,78.9,4,283.5,68.4
Dubái,2024-03,22.3,23.3,44.1,3,291.1,70.8
Dubái,2024-04,25.4,25.8,118.6,3,316.6,63.1
Dubái,2024-05,30.5,29.7,14.5,1,364.8,57.9
Dubái,2024-06,34.1,33.6,0.0,0,362.6,53.7
Dubái,2024-07,35.6,34.7,0.0,0,353.8,57.7
Dubái,2024-08,35.5,34.1,0.0,0,335.7,57.9
Dubái,2024-09,33.0,33.5,0.5,0,337.7,62.3
Dubái,2024-10,31.0,31.8,0.4,0,327.9,60.7
Dubái,2024-11,26.8,29.1,0.2,0,300.0,65.4
Dubái,2024-12,22.1,24.4,1.5,1,305.5,56.9
Eivissa,2024-01,13.5,16.0,23.2,4,249.7,72.4
Eivissa,2024-02,13.6,15.5,23.9,5,255.5,72.9
Eivissa,2024-03,14.6,15.4,27.8,7,318.0,71.3
Eivissa,2024-04,16.2,16.7,76.8,6,320.0,65.6
Eivissa,2024-05,19.0,19.4,18.2,8,390.7,72.8
Eivissa,2024-06,22.6,22.6,19.3,4,402.4,70.8
Eivissa,2024-07,25.8,25.6,4.5,1,432.7,71.3
Eivissa,2024-08,26.8,27.2,16.2,2,384.6,73.0
Eivissa,2024-09,23.3,25.6,24.9,10,323.7,69.2
Eivissa,2024-10,20.9,22.8,35.2,10,298.1,74.8
Eivissa,2024-11,17.3,20.6,67.3,7,249.2,80.8
Eivissa,2024-12,12.6,17.5,16.9,3,262.1,72.5
El Gouna,2024-01,18.1,20.1,0.0,0,308.9,45.4
El Gouna,2024-02,18.1,19.2,4.4,2,280.1,45.3
El Gouna,2024-03,21.3,20.7,0.2,0,349.0,36.7
El Gouna,2024-04,26.0,23.1,0.0,0,356.9,33.2
El Gouna,2024-05,28.9,24.3,0.0,0,390.7,29.7
El Gouna,2024-06,33.9,26.6,0.0,0,391.3,25.9
El Gouna,2024-07,34.1,29.4,0.0,0,399.4,30.2
El Gouna,2024-08,34.4,29.4,0.0,0,376.3,29.1
El Gouna,2024-09,31.5,27.8,0.0,0,344.4,38.4
El Gouna,2024-10,26.7,25.2,0.0,0,341.0,43.6
El Gouna,2024-11,22.0,22.6,0.0,0,313.1,48.7
El Gouna,2024-12,18.4,20.2,0.0,0,304.1,44.8
Elche,2024-01,13.0,14.3,17.5,3,244.7,63.5
Elche,2024-02,13.7,15.1,13.0,4,250.3,60.4
Elche,2024-03,15.0,15.5,25.8,6,292.8,57.2
Elche,2024-04,16.5,17.3,21.7,5,330.5,56.7
Elche,2024-05,20.0,20.0,5.8,2,396.7,53.4
Elche,2024-06,23.3,24.8,15.8,3,397.3,58.9
Elche,2024-07,26.8,27.3,5.2,3,424.7,57.3
Elche,2024-08,27.2,28.9,10.0,2,377.5,62.0
Elche,2024-09,22.8,25.5,45.2,9,324.3,68.6
Elche,2024-10,20.3,22.7,114.7,9,291.0,64.7
Elche,2024-11,16.5,19.9,8.8,2,269.6,73.9
Elche,2024-12,12.3,16.3,21.6,3,264.9,59.6
Essaouira,2024-01,17.2,17.3,11.8,3,292.0,52.0
Essaouira,2024-02,17.4,18.1,36.9,2,277.5,64.8
Essaouira,2024-03,16.8,17.0,66.2,11,321.5,72.5
Essaouira,2024-04,19.3,17.8,8.1,1,367.0,64.8
Essaouira,2024-05,18.9,16.7,0.6,0,376.7,72.9
Essaouira,2024-06,20.1,17.8,2.1,0,363.3,76.1
Essaouira,2024-07,21.7,17.2,0.0,0,389.6,77.4
Essaouira,2024-08,22.1,17.7,0.0,0,369.1,78.1
Essaouira,2024-09,21.1,18.0,5.7,2,324.4,78.1
Essaouira,2024-10,20.4,18.8,20.8,4,316.2,78.9
Essaouira,2024-11,20.8,19.1,6.0,3,286.9,59.3
Essaouira,2024-12,16.7,18.2,4.9,2,278.8,62.0
Fethiye,2024-01,11.8,20.8,170.3,13,224.3,73.2
Fethiye,2024-02,12.2,19.1,55.0,8,271.2,71.2
Fethiye,2024-03,14.0,18.6,66.8,10,328.1,66.5
Fethiye,2024-04,20.0,20.1,40.1,2,343.2,58.5
Fethiye,2024-05,21.8,21.6,32.3,6,402.6,59.8
Fethiye,2024-06,30.7,26.4,0.0,0,419.2,40.5
Fethiye,2024-07,31.3,29.2,3.8,2,431.3,45.5
Fethiye,2024-08,30.3,29.9,10.2,2,397.9,49.6
Fethiye,2024-09,25.7,27.6,22.2,5,353.5,59.8
Fethiye,2024-10,21.6,26.1,0.0,0,329.7,51.8
Fethiye,2024-11,15.3,23.2,81.4,7,273.5,61.3
Fethiye,2024-12,11.9,20.4,293.6,16,236.3,77.6
Fez,2024-01,13.1,,58.9,4,263.7,59.5
Fez,2024-02,13.1,,94.8,9,261.8,67.8
Fez,2024-03,14.5,,132.4,12,272.2,72.2
Fez,2024-04,17.4,,33.6,5,316.6,61.1
Fez,2024-05,21.3,,0.5,0,356.3,52.4
Fez,2024-06,23.8,,17.0,2,354.2,54.4
Fez,2024-07,28.8,,0.0,0,387.2,43.4
Fez,2024-08,28.7,,0.3,0,382.0,48.5
Fez,2024-09,24.4,,24.1,3,331.1,56.6
Fez,2024-10,19.7,,77.4,14,280.1,68.5
Fez,2024-11,17.3,,15.0,3,269.4,63.5
Fez,2024-12,11.9,,6.0,1,280.3,65.1
Formentera,2024-01,14.9,15.9,25.3,5,256.2,74.9
Formentera,2024-02,14.7,15.5,18.5,7,254.5,76.5
Formentera,2024-03,14.9,15.5,27.7,7,317.8,78.5
Formentera,2024-04,15.9,16.8,55.1,4,327.7,75.3
Formentera,2024-05,18.5,19.5,6.3,2,394.2,82.1
Formentera,2024-06,21.7,22.5,8.9,2,406.8,82.2
Formentera,2024-07,24.8,25.6,1.1,0,432.0,82.8
Formentera,2024-08,26.5,27.2,9.8,2,384.3,80.5
Formentera,2024-09,24.1,25.8,10.7,3,330.9,71.3
Formentera,2024-10,21.8,22.6,20.3,7,298.8,76.7
Formentera,2024-11,19.2,20.6,60.8,7,258.2,78.1
Formentera,2024-12,15.5,17.6,25.7,6,264.1,67.7
Fuengirola,2024-01,13.1,16.0,47.2,9,239.1,75.7
Fuengirola,2024-02,13.9,15.4,56.7,7,256.8,73.4
Fuengirola,2024-03,15.0,15.4,158.3,13,269.8,71.6
Fuengirola,2024-04,16.8,17.1,14.7,5,352.7,67.5
Fuengirola,2024-05,19.9,17.6,4.6,2,400.1,56.8
Fuengirola,2024-06,23.2,20.1,36.3,3,394.7,57.4
Fuengirola,2024-07,26.9,22.2,2.8,1,406.8,56.6
Fuengirola,2024-08,27.7,26.1,11.0,2,391.0,64.0
Fuengirola,2024-09,23.6,24.2,35.6,7,345.2,66.5
Fuengirola,2024-10,19.9,20.0,198.0,13,266.5,74.5
Fuengirola,2024-11,16.5,19.8,87.7,9,251.0,85.1
Fuengirola,2024-12,13.0,17.7,12.5,3,272.6,74.5
Fuerteventura,2024-01,18.2,20.6,0.9,0,298.6,57.7
Fuerteventura,2024-02,18.2,19.6,5.1,1,288.7,63.9
Fuerteventura,2024-03,17.0,19.3,15.6,7,345.3,70.5
Fuerteventura,2024-04,20.1,20.3,3.7,1,353.3,61.2
Fuerteventura,2024-05,19.1,20.4,6.2,1,365.6,68.2
Fuerteventura,2024-06,19.8,20.6,6.2,2,379.9,71.7
Fuerteventura,2024-07,22.2,21.1,0.4,0,373.2,73.6
Fuerteventura,2024-08,23.1,22.2,4.6,1,358.9,73.0
Fuerteventura,2024-09,21.5,21.8,0.2,0,347.6,73.6
Fuerteventura,2024-10,20.9,22.3,6.5,2,313.2,76.2
Fuerteventura,2024-11,20.8,22.1,15.3,5,287.1,64.4
Fuerteventura,2024-12,17.0,21.0,6.5,2,290.5,67.1
"Funchal, Madeira",2024-01,17.4,20.9,211.6,16,230.2,84.4
"Funchal, Madeira",2024-02,17.3,20.2,66.7,4,265.3,81.2
"Funchal, Madeira",2024-03,16.1,19.5,135.1,16,307.2,81.0
"Funchal, Madeira",2024-04,18.2,19.9,64.6,10,346.3,71.8
"Funchal, Madeira",2024-05,18.4,21.0,54.8,10,355.8,79.9
"Funchal, Madeira",2024-06,19.6,21.9,69.2,8,364.5,80.5
"Funchal, Madeira",2024-07,22.8,23.6,9.3,2,394.3,77.6
"Funchal, Madeira",2024-08,23.8,24.6,2.8,1,380.6,71.9
"Funchal, Madeira",2024-09,21.5,24.0,51.8,9,336.2,78.7
"Funchal, Madeira",2024-10,21.0,23.7,107.9,17,292.5,81.8
"Funchal, Madeira",2024-11,19.2,22.4,99.6,15,258.0,81.0
"Funchal, Madeira",2024-12,16.5,21.0,96.4,13,234.7,83.5
Gijón,2024-01,10.1,13.2,112.5,13,185.9,78.1
Gijón,2024-02,11.2,13.5,149.1,14,175.9,78.1
Gijón,2024-03,10.8,13.6,128.0,21,247.9,77.5
Gijón,2024-04,12.5,14.3,85.7,11,267.4,75.7
Gijón,2024-05,13.6,15.6,102.8,19,319.6,81.3
Gijón,2024-06,16.5,17.4,134.3,16,263.1,83.2
Gijón,2024-07,19.1,20.7,49.3,12,347.0,82.5
Gijón,2024-08,20.1,21.3,45.6,11,307.3,81.3
Gijón,2024-09,16.8,18.1,142.6,16,261.3,80.2
Gijón,2024-10,16.0,17.4,183.9,16,231.1,83.4
Gijón,2024-11,14.2,15.9,60.9,9,213.7,78.5
Gijón,2024-12,10.4,13.9,113.0,14,197.7,79.9
Gran Canaria,2024-01,12.6,21.0,11.0,3,296.8,44.7
Gran Canaria,2024-02,12.5,20.6,4.2,2,303.8,53.8
Gran Canaria,2024-03,10.3,20.0,59.6,13,337.9,75.8
Gran Canaria,2024-04,15.5,20.8,9.1,2,352.1,51.6
Gran Canaria,2024-05,14.4,21.4,5.9,2,394.4,61.4
Gran Canaria,2024-06,15.6,21.5,1.3,0,390.6,65.2
Gran Canaria,2024-07,23.5,22.2,1.0,0,390.8,37.7
Gran Canaria,2024-08,23.3,23.1,4.6,2,363.7,40.7
Gran Canaria,2024-09,16.1,23.5,3.6,2,342.5,70.4
Gran Canaria,2024-10,15.6,23.0,41.7,6,322.6,71.0
Gran Canaria,2024-11,14.8,22.5,53.2,6,270.2,57.3
Gran Canaria,2024-12,10.4,21.8,36.8,9,289.4,63.9
Granada,2024-01,10.3,,85.6,8,248.7,62.3
Granada,2024-02,10.5,,143.9,10,244.3,65.8
Granada,2024-03,11.9,,195.4,15,262.2,66.2
Granada,2024-04,14.8,,24.2,5,354.1,57.3
Granada,2024-05,18.4,,16.3,1,402.6,49.2
Granada,2024-06,22.6,,4.6,1,406.5,47.7
Granada,2024-07,28.6,,0.4,0,419.3,32.9
Granada,2024-08,28.4,,2.4,1,395.0,35.9
Granada,2024-09,21.5,,30.8,4,350.6,54.1
Granada,2024-10,17.0,,70.3,15,285.3,66.3
Granada,2024-11,13.8,,31.8,3,269.7,66.5
Granada,2024-12,8.9,,4.0,1,279.8,58.2
Halkidiki,2024-01,7.7,16.2,74.0,7,237.3,68.4
Halkidiki,2024-02,10.9,15.4,33.0,4,254.5,67.7
Halkidiki,2024-03,11.8,15.4,74.3,12,287.2,72.8
Halkidiki,2024-04,16.6,17.6,40.0,6,353.2,60.5
Halkidiki,2024-05,18.0,19.4,40.9,7,377.4,64.4
Halkidiki,2024-06,26.4,25.6,15.1,4,425.1,52.6
Halkidiki,2024-07,27.8,29.0,50.8,5,427.9,50.7
Halkidiki,2024-08,26.7,28.2,34.1,6,393.2,56.7
Halkidiki,2024-09,21.9,26.3,66.4,9,334.3,62.5
Halkidiki,2024-10,17.4,22.8,3.7,2,304.1,64.7
Halkidiki,2024-11,11.5,19.0,67.4,7,214.3,69.5
Halkidiki,2024-12,9.0,15.4,182.5,14,184.7,76.9
Huelva,2024-01,12.5,15.3,68.2,7,231.2,84.0
Huelva,2024-02,13.8,16.3,68.9,6,250.0,78.5
Huelva,2024-03,14.4,15.9,112.2,13,254.2,75.6
Huelva,2024-04,17.7,18.6,10.1,3,357.7,64.0
Huelva,2024-05,20.4,19.4,5.0,1,395.8,54.9
Huelva,2024-06,22.7,22.6,13.4,3,390.7,62.0
Huelva,2024-07,26.6,23.4,0.0,0,412.8,52.8
Huelva,2024-08,27.2,24.7,1.2,0,393.9,57.7
Huelva,2024-09,22.6,22.3,4.5,3,337.5,64.2
Huelva,2024-10,19.3,20.8,161.6,15,247.3,78.6
Huelva,2024-11,16.1,18.6,101.8,8,236.3,82.4
Huelva,2024-12,11.4,15.7,6.3,2,258.6,75.0
Hurghada,2024-01,18.6,22.8,0.0,0,308.9,46.4
Hurghada,2024-02,18.4,21.7,2.4,1,283.2,47.2
Hurghada,2024-03,21.4,22.1,1.2,1,346.6,39.4
Hurghada,2024-04,25.8,23.8,0.0,0,354.9,36.5
Hurghada,2024-05,28.4,25.1,0.0,0,391.0,33.4
Hurghada,2024-06,33.0,27.3,0.0,0,390.7,29.9
Hurghada,2024-07,33.5,29.8,0.0,0,398.8,34.3
Hurghada,2024-08,34.0,30.2,0.0,0,375.9,32.4
Hurghada,2024-09,31.2,28.8,0.0,0,343.7,41.5
Hurghada,2024-10,26.6,26.8,0.0,0,340.9,46.2
Hurghada,2024-11,22.2,24.9,0.0,0,312.9,49.5
Hurghada,2024-12,18.9,23.0,0.0,0,304.3,45.9
Hvar,2024-01,8.9,15.2,56.2,8,216.9,69.3
Hvar,2024-02,11.4,14.4,69.7,11,228.7,75.7
Hvar,2024-03,12.4,14.9,182.6,17,253.1,77.0
Hvar,2024-04,15.6,16.6,39.2,10,353.9,65.7
Hvar,2024-05,18.8,19.1,61.8,12,375.2,70.9
Hvar,2024-06,24.1,23.2,83.9,8,393.1,63.2
Hvar,2024-07,28.0,25.6,21.9,2,428.9,51.2
Hvar,2024-08,28.1,26.1,64.3,5,391.0,54.0
Hvar,2024-09,21.5,25.4,143.6,11,294.2,67.0
Hvar,2024-10,18.8,22.2,55.8,10,288.2,77.8
Hvar,2024-11,12.4,20.0,64.7,7,243.8,66.5
Hvar,2024-12,9.2,16.8,121.6,11,188.5,69.7
"Hvar, Croacia",2024-01,8.9,15.2,56.2,8,216.9,69.3
"Hvar, Croacia",2024-02,11.4,14.4,69.7,11,228.7,75.7
"Hvar, Croacia",2024-03,12.4,14.9,182.6,17,253.1,77.0
"Hvar, Croacia",2024-04,15.6,16.6,39.2,10,353.9,65.7
"Hvar, Croacia",2024-05,18.8,19.1,61.8,12,375.2,70.9
"Hvar, Croacia",2024-06,24.1,23.2,83.9,8,393.1,63.2
"Hvar, Croacia",2024-07,28.0,25.6,21.9,2,428.9,51.2
"Hvar, Croacia",2024-08,28.1,26.1,64.3,5,391.0,54.0
"Hvar, Croacia",2024-09,21.5,25.4,143.6,11,294.2,67.0
"Hvar, Croacia",2024-10,18.8,22.2,55.8,10,288.2,77.8
"Hvar, Croacia",2024-11,12.4,20.0,64.7,7,243.8,66.5
"Hvar, Croacia",2024-12,9.2,16.8,121.6,11,188.5,69.7
Ibiza,2024-01,13.5,16.0,23.2,4,249.7,72.4
Ibiza,2024-02,13.6,15.5,23.9,5,255.5,72.9
Ibiza,2024-03,14.6,15.4,27.8,7,318.0,71.3
Ibiza,2024-04,16.2,16.7,76.8,6,320.0,65.6
Ibiza,2024-05,19.0,19.4,18.2,8,390.7,72.8
Ibiza,2024-06,22.6,22.6,19.3,4,402.4,70.8
Ibiza,2024-07,25.8,25.6,4.5,1,432.7,71.3
Ibiza,2024-08,26.8,27.2,16.2,2,384.6,73.0
Ibiza,2024-09,23.3,25.6,24.9,10,323.7,69.2
Ibiza,2024-10,20.9,22.8,35.2,10,298.1,74.8
Ibiza,2024-11,17.3,20.6,67.3,7,249.2,80.8
Ibiza,2024-12,12.6,17.5,16.9,3,262.1,72.5
"Inverness, Escocia",2024-01,3.0,4.7,94.9,16,95.9,85.6
"Inverness, Escocia",2024-02,4.7,5.3,106.7,15,128.9,82.7
"Inverness, Escocia",2024-03,5.5,5.7,71.0,14,228.3,79.5
"Inverness, Escocia",2024-04,7.1,7.6,87.7,19,203.2,78.4
"Inverness, Escocia",2024-05,13.2,13.4,65.9,15,288.8,80.4
"Inverness, Escocia",2024-06,12.3,14.3,94.8,16,270.6,73.9
"Inverness, Escocia",2024-07,13.9,15.4,90.2,18,254.5,77.8
"Inverness, Escocia",2024-08,14.3,15.2,92.7,20,289.5,74.7
"Inverness, Escocia",2024-09,11.3,13.2,65.6,13,205.4,83.6
"Inverness, Escocia",2024-10,9.8,10.7,74.3,14,158.4,82.4
"Inverness, Escocia",2024-11,6.0,8.8,44.6,9,126.0,86.5
"Inverness, Escocia",2024-12,5.6,5.5,208.0,21,54.2,87.0
Islandia,2024-01,-8.2,,66.9,14,17.3,90.2
Islandia,2024-02,-8.8,,74.1,15,49.5,90.1
Islandia,2024-03,-6.5,,66.6,18,112.6,91.4
Islandia,2024-04,-5.8,,55.7,15,155.2,90.2
Islandia,2024-05,-0.1,,58.6,12,277.3,91.8
Islandia,2024-06,3.1,,88.7,17,265.6,84.9
Islandia,2024-07,7.2,,82.8,18,225.7,83.1
Islandia,2024-08,4.0,,107.3,23,112.5,90.2
Islandia,2024-09,0.4,,81.1,15,158.1,87.7
Islandia,2024-10,-4.2,,76.7,16,48.0,94.0
Islandia,2024-11,-5.7,,79.7,16,26.9,89.1
Islandia,2024-12,-8.2,,98.3,19,4.9,89.5
Istria,2024-01,3.8,12.9,95.3,8,209.7,78.9
Istria,2024-02,7.9,12.3,98.9,11,182.5,79.0
Istria,2024-03,9.6,13.3,129.0,19,233.5,78.5
Istria,2024-04,12.1,15.4,74.4,10,314.5,69.7
Istria,2024-05,15.6,18.1,172.2,21,360.1,76.1
Istria,2024-06,20.0,22.8,79.6,14,377.3,73.9
Istria,2024-07,24.7,25.9,47.7,7,418.6,60.4
Istria,2024-08,25.2,26.1,37.8,5,396.3,61.4
Istria,2024-09,17.6,24.3,157.8,14,278.2,72.5
Istria,2024-10,14.5,20.4,224.9,13,231.4,82.3
Istria,2024-11,7.4,17.8,71.3,7,213.3,78.4
Istria,2024-12,3.6,13.9,101.1,9,188.9,74.4
Jerez de la Frontera,2024-01,12.6,14.8,58.9,6,247.0,80.9
Jerez de la Frontera,2024-02,13.9,16.1,98.4,9,250.6,77.9
Jerez de la Frontera,2024-03,14.8,16.2,163.5,14,254.9,74.6
Jerez de la Frontera,2024-04,17.4,18.3,10.4,1,346.4,63.4
Jerez de la Frontera,2024-05,19.9,19.3,6.7,1,397.2,59.0
Jerez de la Frontera,2024-06,22.5,21.9,9.1,2,385.5,63.2
Jerez de la Frontera,2024-07,25.8,23.5,6.2,1,405.1,61.4
Jerez de la Frontera,2024-08,26.3,24.8,1.7,1,392.8,67.8
Jerez de la Frontera,2024-09,22.6,23.1,12.8,4,339.4,68.4
Jerez de la Frontera,2024-10,19.3,20.3,247.7,16,246.7,79.2
Jerez de la Frontera,2024-11,16.9,18.3,109.7,6,245.7,80.5
Jerez de la Frontera,2024-12,11.6,15.8,9.6,2,262.8,78.2
Kefalonia,2024-01,6.1,17.0,73.3,12,235.6,81.4
Kefalonia,2024-02,7.4,16.6,83.3,13,240.2,84.9
Kefalonia,2024-03,8.7,16.7,65.8,11,316.6,80.5
Kefalonia,2024-04,13.2,18.1,65.0,8,349.0,63.0
Kefalonia,2024-05,16.0,20.1,32.9,9,360.7,64.5
Kefalonia,2024-06,23.8,24.3,1.1,0,407.3,46.7
Kefalonia,2024-07,26.0,27.4,3.5,1,428.6,48.1
Kefalonia,2024-08,24.7,28.6,24.3,5,399.0,56.5
Kefalonia,2024-09,18.7,27.0,85.7,15,325.2,76.5
Kefalonia,2024-10,15.2,22.8,17.4,4,310.0,73.3
Kefalonia,2024-11,10.2,21.8,185.5,12,245.1,80.3
Kefalonia,2024-12,6.6,19.2,163.8,15,225.6,85.7
"Koh Samui, Tailandia",2024-01,24.7,29.3,76.6,19,337.6,77.8
"Koh Samui, Tailandia",2024-02,25.4,29.5,34.9,11,318.9,74.7
"Koh Samui, Tailandia",2024-03,26.4,30.3,16.2,7,344.2,71.9
"Koh Samui, Tailandia",2024-04,27.9,31.9,11.7,5,353.9,69.9
"Koh Samui, Tailandia",2024-05,27.4,32.6,133.7,20,319.0,76.8
"Koh Samui, Tailandia",2024-06,26.8,31.2,72.2,16,271.0,72.6
"Koh Samui, Tailandia",2024-07,25.3,30.7,169.5,25,230.0,81.8
"Koh Samui, Tailandia",2024-08,25.2,31.2,172.4,27,298.4,81.7
"Koh Samui, Tailandia",2024-09,25.2,30.1,101.3,21,281.2,80.2
"Koh Samui, Tailandia",2024-10,24.8,30.6,242.3,26,298.7,83.2
"Koh Samui, Tailandia",2024-11,24.2,29.9,275.9,23,251.9,84.4
"Koh Samui, Tailandia",2024-12,23.9,28.6,303.5,17,258.8,81.1
"Koper, Eslovenia",2024-01,5.6,10.2,105.1,10,197.6,73.2
"Koper, Eslovenia",2024-02,8.9,10.6,113.0,14,175.3,80.7
"Koper, Eslovenia",2024-03,11.1,12.6,136.9,16,227.1,76.9
"Koper, Eslovenia",2024-04,13.6,15.1,88.4,10,299.2,70.4
"Koper, Eslovenia",2024-05,17.3,18.3,184.9,21,351.1,76.1
"Koper, Eslovenia",2024-06,21.6,23.1,119.2,11,378.5,73.8
"Koper, Eslovenia",2024-07,26.0,25.6,75.2,5,420.9,61.9
"Koper, Eslovenia",2024-08,26.5,26.2,36.9,5,395.5,62.9
"Koper, Eslovenia",2024-09,19.7,23.0,195.4,13,270.0,68.5
"Koper, Eslovenia",2024-10,16.4,18.7,283.8,16,210.7,79.2
"Koper, Eslovenia",2024-11,9.7,14.9,74.7,8,208.2,70.0
"Koper, Eslovenia",2024-12,6.5,10.4,94.5,8,180.3,66.2
Kos,2024-01,13.8,20.2,52.0,12,241.0,68.1
Kos,2024-02,14.5,18.5,34.2,5,273.8,68.9
Kos,2024-03,15.8,18.1,32.6,5,322.0,63.8
Kos,2024-04,19.2,18.7,27.6,2,350.4,66.5
Kos,2024-05,20.8,20.3,13.6,3,396.3,65.0
Kos,2024-06,27.2,23.6,0.0,0,413.6,57.2
Kos,2024-07,28.6,26.2,0.0,0,426.5,59.4
Kos,2024-08,27.8,26.8,1.2,1,399.4,63.7
Kos,2024-09,25.4,25.5,8.1,2,353.5,64.5
Kos,2024-10,21.8,24.1,0.3,0,320.4,61.5
Kos,2024-11,17.0,22.1,93.6,8,285.9,64.2
Kos,2024-12,14.6,20.0,161.8,15,245.5,71.7
"Ksamil, Albania",2024-01,9.8,16.7,146.6,13,218.3,73.6
"Ksamil, Albania",2024-02,11.6,15.7,113.9,7,239.9,73.4
"Ksamil, Albania",2024-03,12.8,15.7,112.6,12,298.4,75.6
"Ksamil, Albania",2024-04,16.4,18.3,80.0,6,339.8,70.6
"Ksamil, Albania",2024-05,19.7,20.6,39.1,11,381.5,70.6
"Ksamil, Albania",2024-06,26.5,25.1,4.3,2,406.1,57.1
"Ksamil, Albania",2024-07,29.5,27.7,0.7,0,429.0,50.6
"Ksamil, Albania",2024-08,28.6,29.0,48.6,3,389.5,53.4
"Ksamil, Albania",2024-09,23.0,27.5,93.6,10,308.8,69.9
"Ksamil, Albania",2024-10,18.8,22.9,90.4,6,283.0,73.4
"Ksamil, Albania",2024-11,13.7,20.6,176.7,10,235.2,70.0
"Ksamil, Albania",2024-12,10.3,18.2,237.9,15,207.8,75.2
Kusadasi,2024-01,10.7,18.3,113.8,8,223.5,71.4
Kusadasi,2024-02,12.2,16.8,25.8,3,271.3,69.8
Kusadasi,2024-03,13.9,17.1,36.4,7,311.7,65.8
Kusadasi,2024-04,19.4,18.8,30.3,4,346.7,58.8
Kusadasi,2024-05,21.0,20.5,11.1,4,391.7,58.3
Kusadasi,2024-06,28.9,25.1,0.3,0,414.3,45.5
Kusadasi,2024-07,30.9,26.2,4.6,1,427.2,45.2
Kusadasi,2024-08,29.2,26.7,1.8,1,400.6,51.0
Kusadasi,2024-09,24.9,25.5,7.7,4,347.3,60.7
Kusadasi,2024-10,20.6,22.8,1.1,0,318.8,54.8
Kusadasi,2024-11,14.4,19.8,103.1,8,278.3,63.6
Kusadasi,2024-12,11.8,17.8,249.8,18,217.4,78.1
La Gomera,2024-01,13.6,21.5,12.4,4,301.6,66.8
La Gomera,2024-02,13.3,20.6,5.9,3,310.0,67.9
La Gomera,2024-03,11.9,20.7,71.0,17,351.3,79.6
La Gomera,2024-04,15.0,21.3,25.6,8,363.1,68.1
La Gomera,2024-05,13.7,21.8,42.8,13,390.0,79.4
La Gomera,2024-06,14.5,22.4,24.0,11,397.3,81.0
La Gomera,2024-07,15.8,22.5,10.8,3,379.4,84.3
La Gomera,2024-08,16.5,23.5,16.7,8,367.3,86.5
La Gomera,2024-09,16.0,23.8,33.3,9,352.0,82.0
La Gomera,2024-10,15.9,23.9,27.7,11,325.0,82.2
La Gomera,2024-11,15.6,23.0,30.5,9,270.2,69.3
La Gomera,2024-12,12.6,22.2,33.6,12,295.1,74.3
La Palma,2024-01,13.8,21.8,35.3,9,284.4,71.6
La Palma,2024-02,13.9,21.0,22.9,5,290.7,66.3
La Palma,2024-03,12.5,20.8,48.3,14,316.6,81.4
La Palma,2024-04,17.0,21.2,40.4,8,336.4,60.9
La Palma,2024-05,15.4,21.8,48.6,8,312.0,73.2
La Palma,2024-06,16.5,22.6,39.0,7,347.0,79.0
La Palma,2024-07,21.3,23.5,6.6,1,399.0,55.8
La Palma,2024-08,21.6,23.8,0.8,0,379.2,55.8
La Palma,2024-09,17.2,24.1,32.9,6,302.1,79.8
La Palma,2024-10,16.8,23.9,82.9,8,283.6,81.3
La Palma,2024-11,15.8,22.8,81.0,9,264.3,71.4
La Palma,2024-12,12.3,22.1,61.4,12,254.3,79.0
Lago de Garda,2024-01,6.6,,70.5,7,204.0,79.7
Lago de Garda,2024-02,9.7,,191.1,10,184.0,79.8
Lago de Garda,2024-03,11.5,,148.7,15,216.6,76.6
Lago de Garda,2024-04,14.1,,85.9,11,314.4,72.5
Lago de Garda,2024-05,17.5,,313.1,20,324.8,76.8
Lago de Garda,2024-06,22.0,,188.9,16,366.7,75.7
Lago de Garda,2024-07,26.0,,64.1,10,424.3,71.6
Lago de Garda,2024-08,27.2,,25.0,7,371.4,69.6
Lago de Garda,2024-09,20.4,,239.5,16,262.5,71.0
Lago de Garda,2024-10,17.1,,273.8,17,191.7,84.3
Lago de Garda,2024-11,10.7,,15.0,4,222.3,83.9
Lago de Garda,2024-12,7.0,,61.8,7,209.5,76.6
Lanzarote,2024-01,17.4,21.0,3.0,1,299.3,60.1
Lanzarote,2024-02,17.3,19.9,10.5,4,285.2,65.9
Lanzarote,2024-03,15.9,19.0,38.9,16,347.6,72.1
Lanzarote,2024-04,18.0,19.9,7.9,3,359.5,68.8
Lanzarote,2024-05,17.4,19.7,28.6,8,351.6,73.9
Lanzarote,2024-06,18.2,20.4,26.1,10,361.8,75.9
Lanzarote,2024-07,19.7,20.9,7.9,2,357.6,81.9
Lanzarote,2024-08,20.9,21.5,21.8,4,359.8,80.3
Lanzarote,2024-09,20.0,21.7,10.0,5,345.1,76.6
Lanzarote,2024-10,19.6,22.3,46.2,9,314.5,79.2
Lanzarote,2024-11,19.8,22.4,27.1,7,291.5,66.6
Lanzarote,2024-12,16.6,20.9,18.9,2,289.4,65.5
"Lanzarote, España",2024-01,17.4,21.0,3.0,1,299.3,60.1
"Lanzarote, España",2024-02,17.3,19.9,10.5,4,285.2,65.9
"Lanzarote, España",2024-03,15.9,19.0,38.9,16,347.6,72.1
"Lanzarote, España",2024-04,18.0,19.9,7.9,3,359.5,68.8
"Lanzarote, España",2024-05,17.4,19.7,28.6,8,351.6,73.9
"Lanzarote, España",2024-06,18.2,20.4,26.1,10,361.8,75.9
"Lanzarote, España",2024-07,19.7,20.9,7.9,2,357.6,81.9
"Lanzarote, España",2024-08,20.9,21.5,21.8,4,359.8,80.3
"Lanzarote, España",2024-09,20.0,21.7,10.0,5,345.1,76.6
"Lanzarote, España",2024-10,19.6,22.3,46.2,9,314.5,79.2
"Lanzarote, España",2024-11,19.8,22.4,27.1,7,291.5,66.6
"Lanzarote, España",2024-12,16.6,20.9,18.9,2,289.4,65.5
"Lefkada, Grecia",2024-01,4.2,16.9,119.9,13,230.3,76.7
"Lefkada, Grecia",2024-02,5.8,16.6,93.8,11,240.6,81.0
"Lefkada, Grecia",2024-03,6.9,16.6,82.0,14,307.9,80.5
"Lefkada, Grecia",2024-04,11.3,18.3,58.8,8,350.5,66.3
"Lefkada, Grecia",2024-05,13.8,20.3,36.4,12,369.0,69.4
"Lefkada, Grecia",2024-06,21.6,24.9,0.8,0,410.3,50.4
"Lefkada, Grecia",2024-07,24.1,27.6,2.5,1,429.5,50.8
"Lefkada, Grecia",2024-08,23.0,28.7,48.4,4,399.5,59.0
"Lefkada, Grecia",2024-09,17.0,27.0,78.0,10,325.1,75.3
"Lefkada, Grecia",2024-10,13.7,22.9,16.5,4,299.6,72.7
"Lefkada, Grecia",2024-11,8.5,21.4,124.3,12,233.7,72.3
"Lefkada, Grecia",2024-12,4.7,19.2,182.3,15,220.4,79.4
Los Cabos,2024-01,10.4,13.6,120.1,12,190.8,79.6
Los Cabos,2024-02,11.5,13.7,168.9,15,174.6,79.2
Los Cabos,2024-03,11.0,13.6,162.4,19,237.6,77.9
Los Cabos,2024-04,12.8,14.1,90.0,9,284.4,76.1
Los Cabos,2024-05,13.8,14.8,134.4,19,321.6,82.2
Los Cabos,2024-06,16.6,16.6,82.8,14,251.1,84.2
Los Cabos,2024-07,19.3,18.7,58.5,13,329.7,83.2
Los Cabos,2024-08,20.2,19.5,46.3,10,292.1,82.7
Los Cabos,2024-09,16.8,17.3,143.0,16,261.7,81.5
Los Cabos,2024-10,16.2,16.7,188.5,18,223.2,84.4
Los Cabos,2024-11,14.0,15.7,82.6,8,211.6,81.2
Los Cabos,2024-12,10.2,14.6,114.7,14,210.7,82.1
Luxor,2024-01,16.7,,0.0,0,308.0,43.6
Luxor,2024-02,17.9,,0.7,0,289.7,37.7
Luxor,2024-03,23.0,,2.8,1,349.1,26.5
Luxor,2024-04,28.4,,0.0,0,353.9,22.1
Luxor,2024-05,31.9,,0.0,0,381.1,17.4
Luxor,2024-06,36.9,,0.0,0,383.5,14.1
Luxor,2024-07,36.2,,0.0,0,384.6,19.0
Luxor,2024-08,36.8,,0.0,0,368.9,19.3
Luxor,2024-09,33.4,,0.0,0,347.4,26.4
Luxor,2024-10,27.6,,0.0,0,341.0,30.3
Luxor,2024-11,21.1,,0.0,0,318.7,41.1
Luxor,2024-12,16.6,,0.0,0,310.9,46.5
Madeira,2024-01,8.7,20.7,162.0,17,187.6,86.1
Madeira,2024-02,8.5,20.1,105.3,5,239.6,83.6
Madeira,2024-03,7.1,19.6,276.8,24,234.5,89.3
Madeira,2024-04,9.9,20.0,47.3,11,320.5,76.0
Madeira,2024-05,9.9,21.2,37.3,7,324.1,84.0
Madeira,2024-06,11.2,22.1,30.0,6,328.8,83.2
Madeira,2024-07,14.5,23.8,8.3,1,373.5,82.0
Madeira,2024-08,15.0,24.7,7.1,2,354.8,79.1
Madeira,2024-09,12.7,23.9,39.6,13,286.8,84.3
Madeira,2024-10,12.0,23.6,173.3,21,242.4,88.3
Madeira,2024-11,10.2,22.3,177.4,13,228.1,84.4
Madeira,2024-12,7.4,20.9,118.2,20,189.4,89.7
Madrid,2024-01,7.2,,80.7,10,189.5,84.0
Madrid,2024-02,8.7,,33.3,10,216.9,76.1
Madrid,2024-03,10.4,,110.8,14,254.0,72.3
Madrid,2024-04,14.0,,19.6,2,351.7,55.0
Madrid,2024-05,17.7,,17.0,5,405.7,46.9
Madrid,2024-06,22.0,,58.9,9,368.3,48.3
Madrid,2024-07,28.1,,0.4,0,432.4,31.2
Madrid,2024-08,28.4,,15.5,3,390.9,34.4
Madrid,2024-09,19.9,,19.9,3,329.5,49.8
Madrid,2024-10,15.6,,106.8,16,236.2,73.7
Madrid,2024-11,11.2,,18.2,5,232.3,81.4
Madrid,2024-12,6.2,,9.5,3,250.0,79.0
Maldivas,2024-01,27.7,29.0,238.3,12,310.1,77.4
Maldivas,2024-02,28.1,28.9,106.5,14,296.1,77.9
Maldivas,2024-03,28.5,30.2,45.6,10,346.7,75.1
Maldivas,2024-04,28.9,31.1,181.4,21,317.0,76.6
Maldivas,2024-05,28.9,30.5,369.9,24,277.8,79.5
Maldivas,2024-06,28.8,30.1,88.9,11,329.0,76.1
Maldivas,2024-07,28.8,30.5,76.0,13,328.3,75.2
Maldivas,2024-08,28.0,30.0,327.9,18,260.8,76.6
Maldivas,2024-09,27.8,29.9,238.3,22,304.9,77.8
Maldivas,2024-10,28.1,29.4,145.7,15,310.0,75.3
Maldivas,2024-11,27.3,29.6,354.5,25,272.0,78.3
Maldivas,2024-12,28.1,29.4,121.7,10,337.0,73.0
Mallorca,2024-01,11.5,14.7,53.3,7,249.2,78.1
Mallorca,2024-02,12.0,15.0,30.6,5,246.1,74.5
Mallorca,2024-03,13.5,15.6,63.2,7,326.6,71.2
Mallorca,2024-04,15.3,16.9,62.7,11,312.9,65.4
Mallorca,2024-05,18.3,19.5,37.3,10,378.2,70.3
Mallorca,2024-06,22.1,23.0,49.4,6,378.0,67.3
Mallorca,2024-07,26.2,26.0,2.5,1,430.0,60.5
Mallorca,2024-08,26.3,28.5,30.0,4,387.2,67.9
Mallorca,2024-09,21.4,26.1,72.2,10,302.2,73.6
Mallorca,2024-10,19.8,22.9,63.8,7,303.5,76.9
Mallorca,2024-11,15.6,20.5,79.5,7,242.3,83.8
Mallorca,2024-12,10.0,17.3,24.2,7,259.3,80.9
Malta,2024-01,14.6,17.4,31.7,9,270.6,71.8
Malta,2024-02,14.5,16.2,52.2,8,270.4,73.8
Malta,2024-03,15.8,16.5,11.8,3,347.9,73.6
Malta,2024-04,17.2,17.3,25.5,6,322.2,70.0
Malta,2024-05,20.3,19.2,22.5,3,370.8,72.8
Malta,2024-06,25.0,23.9,2.4,1,407.4,67.7
Malta,2024-07,27.3,26.0,0.2,0,428.2,69.4
Malta,2024-08,28.2,28.4,4.9,2,386.0,71.6
Malta,2024-09,25.2,26.7,34.3,6,315.4,71.0
Malta,2024-10,22.7,24.0,13.4,3,305.5,70.4
Malta,2024-11,19.0,22.7,60.1,11,271.9,70.0
Malta,2024-12,15.3,19.8,38.2,9,261.5,66.0
"Malé, Maldivas",2024-01,27.6,28.8,144.5,13,312.5,77.8
"Malé, Maldivas",2024-02,28.2,28.6,70.0,8,316.1,77.2
"Malé, Maldivas",2024-03,28.6,30.3,45.4,10,349.5,74.8
"Malé, Maldivas",2024-04,28.9,31.2,216.1,22,319.8,76.9
"Malé, Maldivas",2024-05,28.9,30.6,356.5,27,260.0,79.9
"Malé, Maldivas",2024-06,28.8,30.1,78.9,13,324.6,76.0
"Malé, Maldivas",2024-07,28.7,30.5,96.6,13,326.3,75.7
"Malé, Maldivas",2024-08,27.9,29.8,393.0,20,260.6,77.2
"Malé, Maldivas",2024-09,27.7,29.9,233.4,21,309.5,78.4
"Malé, Maldivas",2024-10,27.9,29.4,136.8,16,314.6,76.2
"Malé, Maldivas",2024-11,27.4,29.7,263.4,23,283.5,77.4
"Malé, Maldivas",2024-12,28.1,29.4,186.9,11,322.5,72.4
"Mar Muerto, Jordania",2024-01,9.8,,84.4,11,260.3,74.3
"Mar Muerto, Jordania",2024-02,9.4,,50.6,10,261.0,73.5
"Mar Muerto, Jordania",2024-03,12.6,,32.9,8,328.3,60.1
"Mar Muerto, Jordania",2024-04,18.9,,23.7,7,355.3,51.3
"Mar Muerto, Jordania",2024-05,20.2,,14.5,4,394.1,48.2
"Mar Muerto, Jordania",2024-06,27.7,,0.0,0,396.3,33.2
"Mar Muerto, Jordania",2024-07,26.7,,0.0,0,410.0,45.1
"Mar Muerto, Jordania",2024-08,25.8,,0.0,0,398.6,49.6
"Mar Muerto, Jordania",2024-09,23.4,,1.5,1,345.0,58.1
"Mar Muerto, Jordania",2024-10,19.6,,1.6,1,337.7,50.9
"Mar Muerto, Jordania",2024-11,14.1,,14.2,3,285.4,66.7
"Mar Muerto, Jordania",2024-12,10.4,,22.3,4,270.3,56.0
